user_id,first_name,last_name,email,password,city,employment_status
U655,Isaac,Bakshi,isaac.bakshi10@example.com,password123,bhubaneswar,student
U760,Anvi,Konda,anvi.konda11@example.com,password123,kolkata,student
U229,Udant,Dewan,udant.dewan12@example.com,password123,mumbai,employed
U693,Harsh,Chahal,harsh.chahal13@example.com,password123,lucknow,employed
U90,Pahal,Balay,pahal.balay14@example.com,password123,ahmedabad,not_employed
U33,Ayushman,Chander,ayushman.chander15@example.com,password123,rourkela,employed
U224,Tejas,Kaul,tejas.kaul16@example.com,password123,new_delhi,employed
U617,Yashasvi,Bala,yashasvi.bala17@example.com,password123,rourkela,employed
U204,Rushil,Saini,rushil.saini18@example.com,password123,lucknow,employed
U430,Thomas,Sen,thomas.sen19@example.com,password123,new_delhi,student
U604,Arunima,Ahuja,arunima.ahuja20@example.com,password123,kolkata,student
U778,Nathaniel,Sami,nathaniel.sami21@example.com,password123,chandigarh,not_employed
U715,Harini,Mall,harini.mall22@example.com,password123,bangalore,not_employed
U285,Nachiket,Kale,nachiket.kale23@example.com,password123,mumbai,student
U782,Gayathri,Chaudry,gayathri.chaudry24@example.com,password123,pune,employed
U95,George,Rai,george.rai25@example.com,password123,pune,employed
U368,Gunbir,Parmer,gunbir.parmer26@example.com,password123,indore,not_employed
U619,Hemangini,Lalla,hemangini.lalla27@example.com,password123,new_delhi,student
U748,Caleb,Sharaf,caleb.sharaf28@example.com,password123,chennai,employed
U128,Jeet,Radhakrishnan,jeet.radhakrishnan29@example.com,password123,pune,employed
U566,Farhan,Memon,farhan.memon30@example.com,password123,kolkata,unknown
U883,Janaki,Handa,janaki.handa31@example.com,password123,pune,unknown
U197,Ekaraj,Bath,ekaraj.bath32@example.com,password123,lucknow,employed
U47,Vedant,Mann,vedant.mann33@example.com,password123,jaipur,student
U792,Fariq,Kaul,fariq.kaul34@example.com,password123,kolkata,employed
U876,Harrison,Rai,harrison.rai35@example.com,password123,new_delhi,employed
U390,Arunima,Setty,arunima.setty36@example.com,password123,kolkata,student
U651,Janya,Gaba,janya.gaba37@example.com,password123,indore,not_employed
U167,Kamala,Pant,kamala.pant38@example.com,password123,pune,not_employed
U215,Shaurya,Loke,shaurya.loke39@example.com,password123,jaipur,employed
U719,Ekbal,Garg,ekbal.garg40@example.com,password123,jaipur,employed
U624,Yash,Gade,yash.gade41@example.com,password123,ahmedabad,not_employed
U547,Turvi,Raghavan,turvi.raghavan42@example.com,password123,lucknow,student
U168,Anamika,Kanda,anamika.kanda43@example.com,password123,chennai,not_employed
U277,Ekta,Bhalla,ekta.bhalla44@example.com,password123,ahmedabad,employed
U225,Veer,Balay,veer.balay45@example.com,password123,jaipur,not_employed
U864,Diya,Rattan,diya.rattan46@example.com,password123,chandigarh,student
U235,Amrita,Bhatti,amrita.bhatti47@example.com,password123,chandigarh,student
U825,Siddharth,Murty,siddharth.murty48@example.com,password123,kolkata,not_employed
U275,Simon,Tata,simon.tata49@example.com,password123,bhubaneswar,student
U581,Meghana,Shanker,meghana.shanker50@example.com,password123,indore,not_employed
U218,Luke,Lanka,luke.lanka51@example.com,password123,jaipur,student
U406,Liam,Koshy,liam.koshy52@example.com,password123,indore,student
U147,Adya,Sangha,adya.sangha53@example.com,password123,new_delhi,not_employed
U253,Mohini,Pathak,mohini.pathak54@example.com,password123,lucknow,employed
U552,Theodore,Devi,theodore.devi55@example.com,password123,new_delhi,unknown
U439,Yashodhara,Tak,yashodhara.tak56@example.com,password123,missing,unknown
U409,Gavin,Batta,gavin.batta57@example.com,password123,pune,student
U142,Imaran,Dua,imaran.dua58@example.com,password123,chennai,student
U94,Nathaniel,Sami,nathaniel.sami59@example.com,password123,lucknow,student
U882,Devansh,Rajan,devansh.rajan60@example.com,password123,bhubaneswar,not_employed
U643,Lakshmi,Sidhu,lakshmi.sidhu61@example.com,password123,mumbai,not_employed
U611,Zayan,Apte,zayan.apte62@example.com,password123,bhubaneswar,not_employed
U391,Ishwar,Yadav,ishwar.yadav63@example.com,password123,ahmedabad,student
U542,Amara,Oak,amara.oak64@example.com,password123,new_delhi,employed
U699,Radhika,Dugar,radhika.dugar66@example.com,password123,indore,employed
U769,Sudiksha,Aggarwal,sudiksha.aggarwal67@example.com,password123,kolkata,not_employed
U115,Adya,Tella,adya.tella68@example.com,password123,kolkata,not_employed
U162,Pranav,Tripathi,pranav.tripathi69@example.com,password123,chennai,student
U740,Hitesh,Misra,hitesh.misra70@example.com,password123,indore,employed
U513,Yashica,Issac,yashica.issac71@example.com,password123,lucknow,not_employed
U520,Michael,Prakash,michael.prakash72@example.com,password123,bhubaneswar,employed
U862,Neel,Zacharia,neel.zacharia73@example.com,password123,ahmedabad,employed
U383,Vrinda,Bahl,vrinda.bahl75@example.com,password123,lucknow,not_employed
U553,Isaac,Patil,isaac.patil76@example.com,password123,chandigarh,employed
U1,Damyanti,Khatri,damyanti.khatri77@example.com,password123,ahmedabad,not_employed
U501,Dalbir,Khosla,dalbir.khosla78@example.com,password123,rourkela,employed
U372,Farhan,Chada,farhan.chada79@example.com,password123,indore,employed
U246,Vedika,Biswas,vedika.biswas80@example.com,password123,rourkela,student
U900,Jeremiah,Dave,jeremiah.dave81@example.com,password123,hyderabad,employed
U88,Vaishnavi,Gandhi,vaishnavi.gandhi82@example.com,password123,lucknow,student
U836,Alka,Wable,alka.wable83@example.com,password123,bhubaneswar,employed
U785,Pallavi,Kakar,pallavi.kakar84@example.com,password123,mumbai,not_employed
U676,Sai,Muni,sai.muni85@example.com,password123,chennai,employed
U170,Mohini,Prakash,mohini.prakash86@example.com,password123,new_delhi,employed
U894,Raksha,Varughese,raksha.varughese87@example.com,password123,ahmedabad,not_employed
U217,Siya,Dara,siya.dara88@example.com,password123,hyderabad,student
U731,Yug,Kar,yug.kar89@example.com,password123,kolkata,not_employed
U688,Devansh,Nigam,devansh.nigam90@example.com,password123,jaipur,not_employed
U449,Ansh,Karpe,ansh.karpe91@example.com,password123,missing,employed
U463,Thomas,Amble,thomas.amble92@example.com,password123,bhubaneswar,student
U231,Ekavir,Bhargava,ekavir.bhargava93@example.com,password123,bhubaneswar,not_employed
U22,Veer,Bir,veer.bir94@example.com,password123,ahmedabad,employed
U236,Azad,Narayanan,azad.narayanan95@example.com,password123,ahmedabad,student
U8,Ekavir,Varkey,ekavir.varkey96@example.com,password123,bhubaneswar,student
U881,Vedika,Kala,vedika.kala98@example.com,password123,pune,employed
U527,Kevin,Solanki,kevin.solanki99@example.com,password123,new_delhi,employed
U686,Xavier,Solanki,xavier.solanki100@example.com,password123,chennai,student
U591,Girindra,Chatterjee,girindra.chatterjee102@example.com,password123,chennai,student
U804,Raagini,Pandya,raagini.pandya103@example.com,password123,chennai,not_employed
U195,Pallavi,Roy,pallavi.roy104@example.com,password123,bhubaneswar,employed
U675,Unni,Bhagat,unni.bhagat105@example.com,password123,bangalore,not_employed
U434,Guneet,Bhat,guneet.bhat106@example.com,password123,bangalore,student
U885,Neha,Nori,neha.nori107@example.com,password123,lucknow,student
U690,Ikbal,Kothari,ikbal.kothari108@example.com,password123,jaipur,employed
U63,Rehaan,Gupta,rehaan.gupta109@example.com,password123,bangalore,not_employed
U820,Saumya,Dey,saumya.dey110@example.com,password123,indore,employed
U255,Pahal,Goswami,pahal.goswami111@example.com,password123,new_delhi,student
U550,Arya,Shere,arya.shere112@example.com,password123,bangalore,not_employed
U433,Zaid,Borra,zaid.borra113@example.com,password123,mumbai,employed
U474,Saanvi,Chaudhari,saanvi.chaudhari114@example.com,password123,new_delhi,employed
U454,Chandresh,Zachariah,chandresh.zachariah115@example.com,password123,chandigarh,employed
U101,Alexander,Chander,alexander.chander116@example.com,password123,rourkela,employed
U857,Warjas,Ganesan,warjas.ganesan117@example.com,password123,rourkela,employed
U772,Niharika,Sunder,niharika.sunder118@example.com,password123,indore,student
U171,Vasana,Kala,vasana.kala119@example.com,password123,bangalore,student
U493,Nandini,Bhargava,nandini.bhargava120@example.com,password123,new_delhi,not_employed
U61,Nitesh,Raghavan,nitesh.raghavan121@example.com,password123,mumbai,not_employed
U3,Aarnav,Ramakrishnan,aarnav.ramakrishnan122@example.com,password123,pune,employed
U803,Alka,Sha,alka.sha123@example.com,password123,chandigarh,student
U293,Bhavika,Sampath,bhavika.sampath124@example.com,password123,bangalore,employed
U678,Vidhi,Dubey,vidhi.dubey125@example.com,password123,lucknow,student
U159,Ranveer,Minhas,ranveer.minhas126@example.com,password123,new_delhi,employed
U223,Teerth,Bhardwaj,teerth.bhardwaj127@example.com,password123,rourkela,unknown
U754,Darsh,Murthy,darsh.murthy128@example.com,password123,hyderabad,student
U766,Dakshesh,Bedi,dakshesh.bedi129@example.com,password123,kolkata,student
U52,Vansha,Thakkar,vansha.thakkar130@example.com,password123,ahmedabad,student
U515,Nakul,Bhandari,nakul.bhandari131@example.com,password123,indore,employed
U83,Quincy,Biswas,quincy.biswas133@example.com,password123,indore,not_employed
U71,Ekansh,Keer,ekansh.keer134@example.com,password123,ahmedabad,employed
U692,Netra,Dar,netra.dar135@example.com,password123,indore,student
U414,Yatin,Baral,yatin.baral136@example.com,password123,bhubaneswar,unknown
U41,Diya,Lal,diya.lal138@example.com,password123,ahmedabad,employed
U579,William,Lanka,william.lanka140@example.com,password123,hyderabad,not_employed
U268,Meghana,Deep,meghana.deep141@example.com,password123,new_delhi,not_employed
U245,Charita,Shankar,charita.shankar142@example.com,password123,new_delhi,not_employed
U135,Diya,Bora,diya.bora143@example.com,password123,jaipur,employed
U469,Aditya,Shanker,aditya.shanker144@example.com,password123,kolkata,employed
U10,Harish,Borah,harish.borah145@example.com,password123,chennai,unknown
U577,Tanay,Toor,tanay.toor146@example.com,password123,bhubaneswar,employed
U551,Alka,Deo,alka.deo147@example.com,password123,new_delhi,employed
U272,Ikshita,Biswas,ikshita.biswas148@example.com,password123,mumbai,not_employed
U379,Bhavani,Dugar,bhavani.dugar150@example.com,password123,kolkata,not_employed
U721,Abhiram,Mistry,abhiram.mistry152@example.com,password123,kolkata,unknown
U827,Hemang,Desai,hemang.desai153@example.com,password123,jaipur,employed
U9,Aishani,D’Alia,aishani.d’alia154@example.com,password123,jaipur,employed
U307,Hredhaan,Dugal,hredhaan.dugal155@example.com,password123,jaipur,employed
U119,Shivansh,Oza,shivansh.oza157@example.com,password123,indore,employed
U761,Samar,Lalla,samar.lalla158@example.com,password123,hyderabad,not_employed
U279,Yashasvi,Suresh,yashasvi.suresh159@example.com,password123,kolkata,unknown
U216,Zayan,Behl,zayan.behl160@example.com,password123,lucknow,not_employed
U209,George,Sampath,george.sampath161@example.com,password123,jaipur,employed
U518,Aradhana,Basu,aradhana.basu162@example.com,password123,chennai,employed
U867,Aarush,Nath,aarush.nath163@example.com,password123,rourkela,employed
U650,Kalpit,Lala,kalpit.lala164@example.com,password123,bangalore,employed
U46,Neel,Sathe,neel.sathe165@example.com,password123,rourkela,not_employed
U790,Prisha,Andra,prisha.andra166@example.com,password123,mumbai,employed
U166,Isaac,Borra,isaac.borra167@example.com,password123,lucknow,student
U565,Manthan,Banik,manthan.banik168@example.com,password123,lucknow,not_employed
U575,Kala,Divan,kala.divan169@example.com,password123,rourkela,employed
U78,Qushi,Datta,qushi.datta170@example.com,password123,indore,not_employed
U559,Benjamin,Morar,benjamin.morar171@example.com,password123,rourkela,not_employed
U597,Janya,Baral,janya.baral172@example.com,password123,hyderabad,not_employed
U441,Ishita,Kade,ishita.kade173@example.com,password123,mumbai,student
U316,Zaid,Chauhan,zaid.chauhan174@example.com,password123,pune,student
U367,Irya,Ray,irya.ray175@example.com,password123,new_delhi,student
U683,Mohammed,Khalsa,mohammed.khalsa176@example.com,password123,bhubaneswar,not_employed
U799,Nicholas,Goel,nicholas.goel177@example.com,password123,hyderabad,not_employed
U636,Nitara,Bakshi,nitara.bakshi178@example.com,password123,lucknow,not_employed
U243,Praneel,Natarajan,praneel.natarajan179@example.com,password123,indore,not_employed
U423,Amara,Dutta,amara.dutta181@example.com,password123,rourkela,not_employed
U755,Hritik,Raja,hritik.raja182@example.com,password123,pune,not_employed
U822,Balvan,Singhal,balvan.singhal183@example.com,password123,jaipur,student
U274,Tristan,Iyengar,tristan.iyengar184@example.com,password123,mumbai,employed
U392,Triveni,Palla,triveni.palla185@example.com,password123,indore,student
U880,Dalaja,Kari,dalaja.kari186@example.com,password123,chennai,student
U205,Udant,Bajwa,udant.bajwa187@example.com,password123,chandigarh,student
U359,Reyansh,Rastogi,reyansh.rastogi188@example.com,password123,kolkata,student
U886,Indali,Upadhyay,indali.upadhyay191@example.com,password123,bhubaneswar,employed
U360,Mugdha,Yadav,mugdha.yadav192@example.com,password123,jaipur,employed
U410,Garima,Bala,garima.bala193@example.com,password123,jaipur,employed
U340,Jack,Lal,jack.lal194@example.com,password123,rourkela,employed
U899,Pranav,Lanka,pranav.lanka195@example.com,password123,new_delhi,not_employed
U595,Balvan,Chopra,balvan.chopra196@example.com,password123,new_delhi,student
U112,Radha,Pai,radha.pai197@example.com,password123,ahmedabad,not_employed
U354,Dipta,Sarin,dipta.sarin198@example.com,password123,lucknow,not_employed
U447,Yasti,D’Alia,yasti.d’alia199@example.com,password123,ahmedabad,employed
U726,Rajata,Agarwal,rajata.agarwal202@example.com,password123,bangalore,student
U533,Zinal,Yohannan,zinal.yohannan203@example.com,password123,chandigarh,employed
U704,Ronith,Patla,ronith.patla204@example.com,password123,lucknow,student
U373,Raagini,Boase,raagini.boase205@example.com,password123,bangalore,employed
U681,Ganga,Murthy,ganga.murthy206@example.com,password123,pune,unknown
U322,Jeet,Mital,jeet.mital207@example.com,password123,jaipur,employed
U738,Yashica,More,yashica.more208@example.com,password123,missing,employed
U335,Neha,Merchant,neha.merchant210@example.com,password123,bangalore,employed
U568,Joshua,Handa,joshua.handa211@example.com,password123,mumbai,student
U431,Osha,Raghavan,osha.raghavan212@example.com,password123,jaipur,not_employed
U694,Owen,Mitra,owen.mitra213@example.com,password123,lucknow,not_employed
U631,Nidra,Acharya,nidra.acharya214@example.com,password123,hyderabad,employed
U416,Daksha,Mangat,daksha.mangat215@example.com,password123,hyderabad,student
U312,Shivansh,Sani,shivansh.sani216@example.com,password123,kolkata,student
U622,Riya,Sathe,riya.sathe218@example.com,password123,jaipur,not_employed
U477,Tanay,Vaidya,tanay.vaidya219@example.com,password123,bangalore,student
U485,Frado,Mander,frado.mander221@example.com,password123,chandigarh,not_employed
U528,Girik,Keer,girik.keer223@example.com,password123,jaipur,unknown
U344,Dayita,Kar,dayita.kar224@example.com,password123,bhubaneswar,student
U689,Rushil,Din,rushil.din225@example.com,password123,kolkata,student
U826,Aryan,Batra,aryan.batra226@example.com,password123,new_delhi,not_employed
U26,Yash,Soman,yash.soman227@example.com,password123,rourkela,student
U487,Elijah,Shah,elijah.shah228@example.com,password123,ahmedabad,employed
U467,Oeshi,Hayer,oeshi.hayer229@example.com,password123,bangalore,unknown
U200,Leena,Talwar,leena.talwar230@example.com,password123,lucknow,not_employed
U507,Mugdha,Kohli,mugdha.kohli231@example.com,password123,bangalore,student
U152,Manbir,Ahluwalia,manbir.ahluwalia232@example.com,password123,jaipur,student
U798,Theodore,Goda,theodore.goda234@example.com,password123,bangalore,student
U181,Zarna,Shetty,zarna.shetty235@example.com,password123,chandigarh,employed
U476,Chandresh,Krish,chandresh.krish236@example.com,password123,rourkela,employed
U256,Jairaj,Shan,jairaj.shan237@example.com,password123,indore,employed
U468,Kiaan,Shetty,kiaan.shetty238@example.com,password123,mumbai,student
U684,Edhitha,Savant,edhitha.savant239@example.com,password123,hyderabad,employed
U610,Yamini,Sandhu,yamini.sandhu240@example.com,password123,kolkata,student
U628,Sanaya,Dutt,sanaya.dutt241@example.com,password123,chandigarh,employed
U437,Vaishnavi,Sengupta,vaishnavi.sengupta242@example.com,password123,indore,employed
U457,Aashi,Kota,aashi.kota243@example.com,password123,missing,not_employed
U762,Aradhana,Verma,aradhana.verma244@example.com,password123,indore,student
U461,Vedhika,Khare,vedhika.khare245@example.com,password123,new_delhi,student
U861,Anvi,Sarraf,anvi.sarraf246@example.com,password123,ahmedabad,employed
U497,Wahab,Magar,wahab.magar248@example.com,password123,ahmedabad,student
U282,Gautami,Nagarajan,gautami.nagarajan249@example.com,password123,bangalore,employed
U554,Leela,Dua,leela.dua252@example.com,password123,bhubaneswar,not_employed
U155,Tanish,Bhatt,tanish.bhatt253@example.com,password123,new_delhi,not_employed
U711,Oeshi,Reddy,oeshi.reddy254@example.com,password123,mumbai,student
U66,Ganga,Shukla,ganga.shukla255@example.com,password123,bangalore,not_employed
U339,Ojasvi,Bhatia,ojasvi.bhatia256@example.com,password123,hyderabad,student
U426,Samuel,Salvi,samuel.salvi257@example.com,password123,rourkela,student
U853,Lopa,Bahri,lopa.bahri258@example.com,password123,bangalore,not_employed
U789,Lajita,Sood,lajita.sood259@example.com,password123,ahmedabad,student
U878,Abeer,Pandey,abeer.pandey260@example.com,password123,indore,unknown
U361,Oni,Yohannan,oni.yohannan262@example.com,password123,kolkata,not_employed
U874,Thomas,Sura,thomas.sura263@example.com,password123,missing,not_employed
U500,Ayush,Ramachandran,ayush.ramachandran266@example.com,password123,new_delhi,employed
U399,Noah,Sibal,noah.sibal268@example.com,password123,pune,not_employed
U742,Joshua,Walla,joshua.walla269@example.com,password123,mumbai,student
U131,Avi,Ramesh,avi.ramesh270@example.com,password123,ahmedabad,employed
U28,Avi,Chacko,avi.chacko271@example.com,password123,bangalore,unknown
U578,Priya,Deshmukh,priya.deshmukh272@example.com,password123,jaipur,student
U86,Triya,Gopal,triya.gopal273@example.com,password123,jaipur,not_employed
U139,Chandresh,Lad,chandresh.lad274@example.com,password123,indore,student
U187,Ladli,Narang,ladli.narang275@example.com,password123,rourkela,employed
U389,Siddharth,Sha,siddharth.sha276@example.com,password123,kolkata,student
U466,Eta,Nazareth,eta.nazareth277@example.com,password123,kolkata,not_employed
U780,Ladli,Mall,ladli.mall278@example.com,password123,indore,not_employed
U259,Finn,Singhal,finn.singhal280@example.com,password123,indore,employed
U482,Anirudh,Zacharia,anirudh.zacharia281@example.com,password123,rourkela,employed
U54,Charles,Palla,charles.palla282@example.com,password123,pune,student
U666,Udarsh,Biswas,udarsh.biswas283@example.com,password123,bhubaneswar,student
U773,Banjeet,Balasubramanian,banjeet.balasubramanian284@example.com,password123,rourkela,student
U637,Anmol,Dua,anmol.dua286@example.com,password123,mumbai,student
U130,William,Date,william.date287@example.com,password123,chennai,employed
U717,Tejas,Shroff,tejas.shroff289@example.com,password123,new_delhi,not_employed
U172,Aahana,Pillay,aahana.pillay290@example.com,password123,ahmedabad,unknown
U797,Nihal,Mukhopadhyay,nihal.mukhopadhyay292@example.com,password123,chandigarh,not_employed
U319,Hritik,Bal,hritik.bal293@example.com,password123,bhubaneswar,unknown
U27,Devika,Prashad,devika.prashad294@example.com,password123,kolkata,unknown
U733,Faqid,Kibe,faqid.kibe296@example.com,password123,new_delhi,employed
U607,Harsh,Mitra,harsh.mitra297@example.com,password123,jaipur,student
U105,Jai,Barman,jai.barman298@example.com,password123,jaipur,employed
U871,Idika,Walia,idika.walia299@example.com,password123,jaipur,unknown
U802,Ekapad,Toor,ekapad.toor301@example.com,password123,rourkela,not_employed
U546,Harita,Arora,harita.arora302@example.com,password123,bangalore,not_employed
U13,Hitesh,Sant,hitesh.sant304@example.com,password123,indore,not_employed
U843,Janaki,Sharaf,janaki.sharaf305@example.com,password123,chennai,employed
U444,Michael,Saran,michael.saran306@example.com,password123,pune,student
U725,Patrick,Vig,patrick.vig307@example.com,password123,mumbai,not_employed
U667,Veda,Shroff,veda.shroff309@example.com,password123,kolkata,unknown
U828,Rajata,Loyal,rajata.loyal310@example.com,password123,hyderabad,student
U851,Shravya,Kohli,shravya.kohli313@example.com,password123,bhubaneswar,employed
U462,Ucchal,Raghavan,ucchal.raghavan314@example.com,password123,new_delhi,student
U584,Gayathri,Balakrishnan,gayathri.balakrishnan315@example.com,password123,ahmedabad,not_employed
U345,Warda,Nair,warda.nair316@example.com,password123,rourkela,student
U872,Qabil,Sura,qabil.sura317@example.com,password123,kolkata,not_employed
U817,Aarna,Oak,aarna.oak319@example.com,password123,new_delhi,not_employed
U287,Ati,Majumdar,ati.majumdar320@example.com,password123,indore,unknown
U570,Rayaan,Chada,rayaan.chada322@example.com,password123,rourkela,employed
U196,Wyatt,Ray,wyatt.ray323@example.com,password123,bhubaneswar,student
U569,Vamakshi,Swaminathan,vamakshi.swaminathan325@example.com,password123,lucknow,student
U708,Sara,Badal,sara.badal326@example.com,password123,chennai,student
U459,Girik,Menon,girik.menon327@example.com,password123,chandigarh,student
U96,Timothy,Ravel,timothy.ravel328@example.com,password123,kolkata,student
U415,Yagnesh,Mohan,yagnesh.mohan329@example.com,password123,jaipur,student
U314,Jyoti,Solanki,jyoti.solanki330@example.com,password123,jaipur,unknown
U378,Hemangini,Sandal,hemangini.sandal331@example.com,password123,chennai,employed
U544,Ganga,Pandey,ganga.pandey332@example.com,password123,pune,not_employed
U764,Sudiksha,Madan,sudiksha.madan333@example.com,password123,hyderabad,not_employed
U278,Vihaan,Dara,vihaan.dara335@example.com,password123,kolkata,employed
U237,Reyansh,Mutti,reyansh.mutti336@example.com,password123,bhubaneswar,student
U324,Jagdish,Wason,jagdish.wason337@example.com,password123,bhubaneswar,employed
U781,Qasim,Handa,qasim.handa338@example.com,password123,jaipur,not_employed
U284,Aradhana,Vohra,aradhana.vohra340@example.com,password123,lucknow,unknown
U779,Barkha,Chaudhry,barkha.chaudhry341@example.com,password123,hyderabad,unknown
U290,Rishi,Minhas,rishi.minhas342@example.com,password123,bhubaneswar,student
U304,Utkarsh,Patel,utkarsh.patel343@example.com,password123,new_delhi,not_employed
U184,Praneel,Mittal,praneel.mittal344@example.com,password123,kolkata,student
U281,Jonathan,Mahal,jonathan.mahal346@example.com,password123,rourkela,student
U567,Chakradev,Bhagat,chakradev.bhagat347@example.com,password123,kolkata,not_employed
U654,Brinda,Date,brinda.date348@example.com,password123,indore,student
U106,Vritti,Chauhan,vritti.chauhan349@example.com,password123,indore,student
U588,Advik,Mane,advik.mane350@example.com,password123,kolkata,student
U491,Upasna,Srinivas,upasna.srinivas351@example.com,password123,bangalore,not_employed
U189,Ridhi,Oak,ridhi.oak352@example.com,password123,rourkela,employed
U842,Zayyan,Sridhar,zayyan.sridhar354@example.com,password123,bhubaneswar,not_employed
U504,Ishaan,Bhattacharyya,ishaan.bhattacharyya355@example.com,password123,bhubaneswar,unknown
U645,Nandini,Swamy,nandini.swamy356@example.com,password123,jaipur,student
U156,Ethan,Bera,ethan.bera357@example.com,password123,mumbai,unknown
U122,Daksha,Chada,daksha.chada359@example.com,password123,hyderabad,not_employed
U621,Yuvraj,Dani,yuvraj.dani360@example.com,password123,ahmedabad,unknown
U232,Omaja,Kara,omaja.kara361@example.com,password123,chandigarh,employed
U305,Saanvi,Mishra,saanvi.mishra363@example.com,password123,indore,unknown
U440,Pushti,Mody,pushti.mody364@example.com,password123,kolkata,unknown
U758,Sarthak,Kakar,sarthak.kakar366@example.com,password123,bhubaneswar,student
U641,Aishani,Bumb,aishani.bumb367@example.com,password123,new_delhi,employed
U677,Naksh,Khatri,naksh.khatri368@example.com,password123,bhubaneswar,not_employed
U77,Naksh,Agate,naksh.agate370@example.com,password123,mumbai,student
U419,Nilima,Seshadri,nilima.seshadri371@example.com,password123,bangalore,unknown
U238,Bachittar,Kata,bachittar.kata373@example.com,password123,kolkata,employed
U720,Bhavya,Mandal,bhavya.mandal374@example.com,password123,indore,student
U73,Sudiksha,Bobal,sudiksha.bobal375@example.com,password123,jaipur,student
U271,Vivaan,Lalla,vivaan.lalla376@example.com,password123,chandigarh,unknown
U436,Ishwar,Kar,ishwar.kar378@example.com,password123,bhubaneswar,employed
U273,Lucky,Bora,lucky.bora380@example.com,password123,chandigarh,not_employed
U74,Darpan,Gandhi,darpan.gandhi381@example.com,password123,rourkela,not_employed
U812,Damyanti,Mani,damyanti.mani382@example.com,password123,kolkata,unknown
U767,Reva,Dash,reva.dash383@example.com,password123,chandigarh,unknown
U296,Upadhriti,Modi,upadhriti.modi384@example.com,password123,bangalore,employed
U480,Neha,Magar,neha.magar385@example.com,password123,jaipur,employed
U753,Zashil,Bal,zashil.bal390@example.com,password123,kolkata,unknown
U257,Gavin,Karnik,gavin.karnik391@example.com,password123,rourkela,employed
U602,Banjeet,Gill,banjeet.gill393@example.com,password123,rourkela,employed
U687,Ekani,Cheema,ekani.cheema400@example.com,password123,bhubaneswar,not_employed
U338,Naveen,Narayan,naveen.narayan401@example.com,password123,bangalore,student
U834,Bhavya,Rattan,bhavya.rattan403@example.com,password123,lucknow,employed
U38,Balhaar,Sha,balhaar.sha404@example.com,password123,chennai,employed
U323,Gaurang,Murty,gaurang.murty405@example.com,password123,new_delhi,not_employed
U674,Yoshita,Agarwal,yoshita.agarwal408@example.com,password123,indore,employed
U193,Chatura,Guha,chatura.guha410@example.com,password123,hyderabad,not_employed
U638,Zarna,Pathak,zarna.pathak411@example.com,password123,lucknow,student
U716,Bhavna,Sarma,bhavna.sarma415@example.com,password123,chennai,employed
U30,Vedhika,Dara,vedhika.dara416@example.com,password123,ahmedabad,unknown
U819,Ayush,Khatri,ayush.khatri417@example.com,password123,new_delhi,not_employed
U473,Ishaan,Shenoy,ishaan.shenoy421@example.com,password123,bhubaneswar,not_employed
U511,Jacob,Dube,jacob.dube422@example.com,password123,lucknow,employed
U522,Wishi,Manne,wishi.manne423@example.com,password123,lucknow,employed
U484,Ojasvi,Subramanian,ojasvi.subramanian425@example.com,password123,new_delhi,student
U765,Leela,Halder,leela.halder428@example.com,password123,indore,not_employed
U349,Oeshi,Oak,oeshi.oak431@example.com,password123,chandigarh,employed
U858,Chanchal,Suri,chanchal.suri434@example.com,password123,ahmedabad,unknown
U458,Veda,Pai,veda.pai436@example.com,password123,hyderabad,student
U393,Nirja,Bassi,nirja.bassi441@example.com,password123,new_delhi,not_employed
U45,Eesha,Solanki,eesha.solanki442@example.com,password123,kolkata,student
U723,Lakshmi,Raju,lakshmi.raju443@example.com,password123,chandigarh,not_employed
U396,Max,Tandon,max.tandon444@example.com,password123,jaipur,not_employed
U508,Balhaar,Date,balhaar.date445@example.com,password123,rourkela,not_employed
U891,Harish,Sarraf,harish.sarraf447@example.com,password123,bhubaneswar,student
U103,Harish,Vora,harish.vora448@example.com,password123,hyderabad,student
U16,Tanmayi,Aurora,tanmayi.aurora449@example.com,password123,lucknow,not_employed
U420,Maanas,Rout,maanas.rout450@example.com,password123,indore,not_employed
U347,Upasna,Lanka,upasna.lanka452@example.com,password123,ahmedabad,not_employed
U873,Faris,Narasimhan,faris.narasimhan454@example.com,password123,jaipur,employed
U633,Ekapad,Keer,ekapad.keer457@example.com,password123,bhubaneswar,student
U647,Bhavna,Karan,bhavna.karan458@example.com,password123,jaipur,employed
U233,Gautam,Saraf,gautam.saraf459@example.com,password123,lucknow,employed
U445,Guneet,Chaudhry,guneet.chaudhry460@example.com,password123,bhubaneswar,employed
U455,Sachi,Ganesan,sachi.ganesan461@example.com,password123,mumbai,employed
U816,Chakradhar,Nair,chakradhar.nair463@example.com,password123,rourkela,employed
U150,Jagrati,Prasad,jagrati.prasad465@example.com,password123,new_delhi,employed
U422,Raagini,Dhingra,raagini.dhingra466@example.com,password123,hyderabad,not_employed
U175,Yash,Wali,yash.wali467@example.com,password123,mumbai,employed
U625,Nisha,Gole,nisha.gole468@example.com,password123,indore,not_employed
U635,Onkar,Gill,onkar.gill469@example.com,password123,jaipur,student
U510,Farhan,Raja,farhan.raja470@example.com,password123,ahmedabad,not_employed
U471,Luke,Kata,luke.kata472@example.com,password123,new_delhi,student
U824,Triya,Kumar,triya.kumar473@example.com,password123,chennai,employed
U76,Aditya,Shroff,aditya.shroff475@example.com,password123,bangalore,not_employed
U707,Ethan,Sathe,ethan.sathe477@example.com,password123,new_delhi,student
U866,Hemani,Mistry,hemani.mistry478@example.com,password123,kolkata,student
U394,Panini,Krishna,panini.krishna479@example.com,password123,indore,student
U110,Tanmayi,Mittal,tanmayi.mittal480@example.com,password123,new_delhi,not_employed
U586,Rushil,Rajagopalan,rushil.rajagopalan481@example.com,password123,pune,unknown
U303,Vasudha,Chhabra,vasudha.chhabra482@example.com,password123,jaipur,employed
U23,Warjas,Raj,warjas.raj483@example.com,password123,indore,not_employed
U795,Watika,Mangat,watika.mangat488@example.com,password123,chandigarh,student
U644,Gunbir,Baral,gunbir.baral492@example.com,password123,bhubaneswar,student
U317,Dayamai,Sastry,dayamai.sastry493@example.com,password123,chandigarh,student
U35,Bahadurjit,Patla,bahadurjit.patla494@example.com,password123,ahmedabad,not_employed
U750,Karan,Chana,karan.chana495@example.com,password123,mumbai,employed
U180,Ojasvi,Gill,ojasvi.gill497@example.com,password123,new_delhi,not_employed
U806,Sai,Deo,sai.deo498@example.com,password123,hyderabad,not_employed
U845,Nitesh,Kurian,nitesh.kurian501@example.com,password123,chennai,employed
U375,Gautam,Rana,gautam.rana507@example.com,password123,bhubaneswar,not_employed
U15,Akshay,Lalla,akshay.lalla508@example.com,password123,new_delhi,employed
U127,Jatin,Sha,jatin.sha509@example.com,password123,chennai,not_employed
U599,Lakshmi,Prabhu,lakshmi.prabhu511@example.com,password123,pune,not_employed
U111,Hritik,Kaur,hritik.kaur512@example.com,password123,jaipur,student
U483,Urishilla,Bakshi,urishilla.bakshi513@example.com,password123,rourkela,unknown
U227,Dev,Shetty,dev.shetty515@example.com,password123,jaipur,employed
U718,Jackson,Dey,jackson.dey517@example.com,password123,kolkata,not_employed
U120,Chakradev,Barad,chakradev.barad518@example.com,password123,mumbai,student
U39,Daksha,Tailor,daksha.tailor519@example.com,password123,kolkata,student
U465,Krishna,Rama,krishna.rama522@example.com,password123,pune,employed
U425,Oni,Dubey,oni.dubey524@example.com,password123,jaipur,employed
U854,Oeshi,Chaudhary,oeshi.chaudhary525@example.com,password123,chennai,unknown
U418,Vrishti,Reddy,vrishti.reddy526@example.com,password123,kolkata,student
U703,Warinder,Patil,warinder.patil530@example.com,password123,pune,employed
U661,Hardik,Pillai,hardik.pillai531@example.com,password123,pune,student
U408,Jagrati,Bhat,jagrati.bhat532@example.com,password123,kolkata,student
U126,Mitali,Majumdar,mitali.majumdar533@example.com,password123,indore,student
U658,Suhani,Chand,suhani.chand535@example.com,password123,ahmedabad,unknown
U250,Chandresh,Nath,chandresh.nath537@example.com,password123,mumbai,unknown
U211,Yagnesh,Dass,yagnesh.dass538@example.com,password123,bhubaneswar,employed
U213,Samesh,Biswas,samesh.biswas539@example.com,password123,ahmedabad,student
U833,Sarthak,Kalita,sarthak.kalita540@example.com,password123,indore,student
U337,Viraj,Narasimhan,viraj.narasimhan541@example.com,password123,chandigarh,not_employed
U808,Manbir,Agate,manbir.agate542@example.com,password123,missing,unknown
U134,Kalpit,Zachariah,kalpit.zachariah544@example.com,password123,hyderabad,employed
U818,Zashil,Ghosh,zashil.ghosh545@example.com,password123,mumbai,employed
U809,Ishita,Khanna,ishita.khanna548@example.com,password123,chandigarh,student
U603,Ekiya,Babu,ekiya.babu549@example.com,password123,kolkata,student
U179,Owen,Lanka,owen.lanka550@example.com,password123,new_delhi,student
U539,Oviya,Vora,oviya.vora552@example.com,password123,bhubaneswar,employed
U488,Ishaan,Bhatt,ishaan.bhatt553@example.com,password123,bangalore,not_employed
U526,Vamakshi,Sen,vamakshi.sen554@example.com,password123,ahmedabad,employed
U630,Ikbal,Seth,ikbal.seth556@example.com,password123,rourkela,employed
U309,Yahvi,Kant,yahvi.kant557@example.com,password123,chennai,student
U503,Azaan,Bhat,azaan.bhat560@example.com,password123,lucknow,student
U330,Pooja,Chokshi,pooja.chokshi562@example.com,password123,ahmedabad,not_employed
U68,Vritti,Sawhney,vritti.sawhney563@example.com,password123,mumbai,employed
U640,Ethan,Buch,ethan.buch564@example.com,password123,ahmedabad,unknown
U562,Ekanta,Divan,ekanta.divan565@example.com,password123,lucknow,not_employed
U302,Anvi,Nair,anvi.nair567@example.com,password123,chennai,employed
U620,Lakshmi,Wali,lakshmi.wali568@example.com,password123,bangalore,employed
U813,Chaitaly,Setty,chaitaly.setty569@example.com,password123,jaipur,employed
U739,Hardik,Contractor,hardik.contractor571@example.com,password123,indore,student
U424,Siya,Kari,siya.kari573@example.com,password123,pune,student
U321,Sudiksha,Rastogi,sudiksha.rastogi575@example.com,password123,bangalore,not_employed
U682,Ojasvi,Chandran,ojasvi.chandran576@example.com,password123,new_delhi,not_employed
U157,Dhriti,Sane,dhriti.sane577@example.com,password123,jaipur,student
U69,Dhriti,Kumer,dhriti.kumer578@example.com,password123,bhubaneswar,employed
U763,Urvi,Bhavsar,urvi.bhavsar580@example.com,password123,lucknow,not_employed
U832,Gavin,Chada,gavin.chada581@example.com,password123,mumbai,employed
U62,Girik,Sankaran,girik.sankaran582@example.com,password123,ahmedabad,employed
U576,Gopal,Pradhan,gopal.pradhan583@example.com,password123,pune,employed
U421,Kalpit,Bhasin,kalpit.bhasin584@example.com,password123,pune,not_employed
U889,Forum,Das,forum.das585@example.com,password123,lucknow,student
U295,Nirja,Pandya,nirja.pandya586@example.com,password123,ahmedabad,employed
U673,Indira,Chawla,indira.chawla589@example.com,password123,chennai,student
U868,Yashica,Kala,yashica.kala590@example.com,password123,bhubaneswar,not_employed
U118,Udarsh,Chokshi,udarsh.chokshi592@example.com,password123,lucknow,employed
U629,Upkaar,Sanghvi,upkaar.sanghvi595@example.com,password123,jaipur,employed
U348,Harinakshi,Panchal,harinakshi.panchal599@example.com,password123,pune,student
U186,Abeer,Golla,abeer.golla600@example.com,password123,indore,not_employed
U580,Luke,Rattan,luke.rattan601@example.com,password123,jaipur,not_employed
U72,Ekaraj,Dhar,ekaraj.dhar602@example.com,password123,mumbai,student
U221,Tanveer,Puri,tanveer.puri604@example.com,password123,pune,not_employed
U796,Kala,Muni,kala.muni607@example.com,password123,hyderabad,unknown
U87,Ekta,Chad,ekta.chad608@example.com,password123,indore,student
U160,Charles,Dugal,charles.dugal609@example.com,password123,mumbai,unknown
U51,Nakul,Bawa,nakul.bawa610@example.com,password123,jaipur,employed
U498,Saanvi,Samra,saanvi.samra612@example.com,password123,ahmedabad,student
U774,Oeshi,Mahajan,oeshi.mahajan614@example.com,password123,chennai,employed
U291,Ishaan,Pai,ishaan.pai616@example.com,password123,jaipur,unknown
U499,Qushi,Choudhry,qushi.choudhry617@example.com,password123,hyderabad,employed
U614,Darika,Bath,darika.bath619@example.com,password123,rourkela,student
U210,Thomas,Rana,thomas.rana620@example.com,password123,kolkata,student
U786,Christopher,Amble,christopher.amble621@example.com,password123,mumbai,employed
U297,Samarth,Mitra,samarth.mitra622@example.com,password123,kolkata,employed
U80,Victor,Tella,victor.tella629@example.com,password123,indore,not_employed
U590,Irya,Bora,irya.bora630@example.com,password123,bangalore,unknown
U821,Dhriti,Sanghvi,dhriti.sanghvi634@example.com,password123,ahmedabad,student
U852,Nidhi,Sahni,nidhi.sahni635@example.com,password123,jaipur,not_employed
U91,Bimala,Contractor,bimala.contractor636@example.com,password123,bangalore,employed
U411,Ekta,Garg,ekta.garg638@example.com,password123,hyderabad,employed
U342,Hitesh,Kohli,hitesh.kohli641@example.com,password123,chandigarh,not_employed
U79,Rajata,Rattan,rajata.rattan642@example.com,password123,chennai,employed
U745,Timothy,Nath,timothy.nath645@example.com,password123,chandigarh,not_employed
U242,Om,Bose,om.bose646@example.com,password123,bhubaneswar,not_employed
U263,Yashvi,Comar,yashvi.comar647@example.com,password123,new_delhi,not_employed
U182,Ikshita,Panchal,ikshita.panchal649@example.com,password123,chandigarh,student
U698,Aahana,Hora,aahana.hora652@example.com,password123,indore,unknown
U659,Oscar,Dua,oscar.dua653@example.com,password123,ahmedabad,unknown
U331,Faqid,Goel,faqid.goel654@example.com,password123,indore,not_employed
U481,Saumya,Naidu,saumya.naidu656@example.com,password123,bangalore,employed
U58,Ria,Bir,ria.bir658@example.com,password123,pune,employed
U668,Gautam,Tripathi,gautam.tripathi667@example.com,password123,new_delhi,not_employed
U732,Vamakshi,Thaker,vamakshi.thaker671@example.com,password123,bhubaneswar,employed
U662,Matthew,Bhatia,matthew.bhatia672@example.com,password123,mumbai,student
U254,Shravya,Chauhan,shravya.chauhan673@example.com,password123,lucknow,student
U450,Hemal,Chad,hemal.chad674@example.com,password123,hyderabad,employed
U382,Balveer,Kota,balveer.kota676@example.com,password123,kolkata,not_employed
U696,Nathan,Patla,nathan.patla678@example.com,password123,ahmedabad,student
U572,Hamsini,Ben,hamsini.ben681@example.com,password123,jaipur,not_employed
U895,Forum,Chandra,forum.chandra683@example.com,password123,mumbai,not_employed
U84,Libni,Mander,libni.mander684@example.com,password123,ahmedabad,not_employed
U133,Gauri,Bumb,gauri.bumb686@example.com,password123,ahmedabad,employed
U318,Lohit,Palla,lohit.palla687@example.com,password123,hyderabad,not_employed
U521,Falguni,Datta,falguni.datta691@example.com,password123,pune,student
U220,Yashoda,Pathak,yashoda.pathak693@example.com,password123,pune,student
U865,Tanish,Om,tanish.om696@example.com,password123,chandigarh,employed
U856,Upkaar,Devan,upkaar.devan698@example.com,password123,lucknow,employed
U898,Chakrika,Chaudhuri,chakrika.chaudhuri700@example.com,password123,chandigarh,unknown
U158,Baljiwan,Nayar,baljiwan.nayar702@example.com,password123,mumbai,not_employed
U829,Mitesh,Gaba,mitesh.gaba704@example.com,password123,missing,not_employed
U771,Wazir,Sawhney,wazir.sawhney708@example.com,password123,lucknow,student
U240,Bhavani,Sen,bhavani.sen709@example.com,password123,hyderabad,student
U695,Upasna,Hari,upasna.hari712@example.com,password123,hyderabad,student
U541,Lavanya,Thakkar,lavanya.thakkar715@example.com,password123,bangalore,not_employed
U837,Omya,Edwin,omya.edwin716@example.com,password123,new_delhi,unknown
U896,Vasana,Prabhu,vasana.prabhu719@example.com,password123,pune,employed
U280,Anjali,Sengupta,anjali.sengupta723@example.com,password123,bangalore,employed
U151,Yochana,Din,yochana.din724@example.com,password123,indore,not_employed
U358,Tristan,Seshadri,tristan.seshadri726@example.com,password123,rourkela,not_employed
U55,Ikshita,Bala,ikshita.bala727@example.com,password123,bangalore,employed
U29,Kashvi,Keer,kashvi.keer730@example.com,password123,kolkata,employed
U860,Libni,Bumb,libni.bumb731@example.com,password123,lucknow,not_employed
U811,Kavya,Kapur,kavya.kapur732@example.com,password123,mumbai,not_employed
U40,Ayaan,Nagar,ayaan.nagar733@example.com,password123,kolkata,student
U713,Hardik,Nayak,hardik.nayak734@example.com,password123,indore,not_employed
U460,Balvan,Mangat,balvan.mangat736@example.com,password123,ahmedabad,student
U82,Urmi,Dewan,urmi.dewan737@example.com,password123,rourkela,employed
U612,Oni,Shankar,oni.shankar746@example.com,password123,hyderabad,student
U648,Dev,Choudhry,dev.choudhry747@example.com,password123,chennai,unknown
U248,Xalak,Wason,xalak.wason748@example.com,password123,lucknow,not_employed
U299,Amol,Varma,amol.varma749@example.com,password123,bangalore,student
U585,Bishakha,Sanghvi,bishakha.sanghvi751@example.com,password123,bangalore,not_employed
U537,Wridesh,Saha,wridesh.saha753@example.com,password123,pune,employed
U21,Yashica,Tripathi,yashica.tripathi756@example.com,password123,pune,student
U366,Lila,Prakash,lila.prakash759@example.com,password123,chandigarh,employed
U791,Ishanvi,Bir,ishanvi.bir761@example.com,password123,ahmedabad,not_employed
U137,Hemani,Khosla,hemani.khosla762@example.com,password123,rourkela,not_employed
U560,Hemang,Natarajan,hemang.natarajan763@example.com,password123,pune,not_employed
U831,Parth,Shetty,parth.shetty766@example.com,password123,mumbai,employed
U734,Varenya,Gopal,varenya.gopal767@example.com,password123,chandigarh,student
U43,Chaaya,Jaggi,chaaya.jaggi770@example.com,password123,kolkata,employed
U887,Zehaan,Bansal,zehaan.bansal775@example.com,password123,jaipur,not_employed
U448,Ishanvi,Batta,ishanvi.batta777@example.com,password123,indore,not_employed
U709,Rajeshri,Ratta,rajeshri.ratta780@example.com,password123,chennai,not_employed
U81,Watika,Tank,watika.tank783@example.com,password123,bangalore,unknown
U301,Amara,Butala,amara.butala785@example.com,password123,kolkata,employed
U735,Chaaya,Nagi,chaaya.nagi788@example.com,password123,bangalore,not_employed
U32,Ira,Saran,ira.saran795@example.com,password123,mumbai,unknown
U36,Falan,Ravi,falan.ravi797@example.com,password123,mumbai,employed
U371,Nathaniel,Balasubramanian,nathaniel.balasubramanian799@example.com,password123,pune,unknown
U34,Luke,Sarma,luke.sarma800@example.com,password123,ahmedabad,not_employed
U381,Ekalinga,Keer,ekalinga.keer802@example.com,password123,bangalore,employed
U376,Leela,Bali,leela.bali804@example.com,password123,bangalore,not_employed
U117,Kamala,Prabhu,kamala.prabhu806@example.com,password123,rourkela,not_employed
U512,Sachi,Bose,sachi.bose807@example.com,password123,hyderabad,not_employed
U794,Jeevika,Rao,jeevika.rao809@example.com,password123,new_delhi,student
U564,Sanaya,Kala,sanaya.kala816@example.com,password123,hyderabad,employed
U308,Bhavika,Swaminathan,bhavika.swaminathan817@example.com,password123,indore,not_employed
U729,Ryan,Das,ryan.das818@example.com,password123,lucknow,not_employed
U230,Siya,Gera,siya.gera820@example.com,password123,bhubaneswar,student
U810,Ekaja,Palan,ekaja.palan822@example.com,password123,chennai,student
U370,Dhruv,Mannan,dhruv.mannan823@example.com,password123,hyderabad,unknown
U844,Wakeeta,Bal,wakeeta.bal829@example.com,password123,hyderabad,employed
U129,Jalsa,Pillay,jalsa.pillay830@example.com,password123,kolkata,employed
U353,Gabriel,Bhatti,gabriel.bhatti832@example.com,password123,mumbai,employed
U656,Dayamai,Rao,dayamai.rao833@example.com,password123,ahmedabad,not_employed
U787,Varenya,Vora,varenya.vora834@example.com,password123,mumbai,not_employed
U355,Zansi,Padmanabhan,zansi.padmanabhan839@example.com,password123,hyderabad,employed
U202,Kai,Sant,kai.sant841@example.com,password123,ahmedabad,employed
U176,Ekantika,Kar,ekantika.kar846@example.com,password123,jaipur,unknown
U346,Bhanumati,Brar,bhanumati.brar848@example.com,password123,indore,unknown
U495,Finn,Bath,finn.bath856@example.com,password123,new_delhi,not_employed
U706,Omaja,Balasubramanian,omaja.balasubramanian858@example.com,password123,rourkela,not_employed
U451,Widisha,Mann,widisha.mann859@example.com,password123,bangalore,student
U752,Elijah,Bhasin,elijah.bhasin863@example.com,password123,indore,not_employed
U327,Ucchal,Jani,ucchal.jani866@example.com,password123,new_delhi,student
U93,Bina,Rajagopalan,bina.rajagopalan877@example.com,password123,bangalore,employed
U598,Nathaniel,Narang,nathaniel.narang879@example.com,password123,pune,student
U138,Widisha,Bajaj,widisha.bajaj884@example.com,password123,indore,employed
U53,Wridesh,Kale,wridesh.kale887@example.com,password123,hyderabad,employed
U517,Warda,Singhal,warda.singhal890@example.com,password123,bangalore,employed
U697,Abhiram,Chokshi,abhiram.chokshi892@example.com,password123,ahmedabad,employed
U132,Raagini,Desai,raagini.desai893@example.com,password123,bhubaneswar,not_employed
U412,Charan,Hayer,charan.hayer897@example.com,password123,chennai,student
U532,Yamini,Seshadri,yamini.seshadri900@example.com,password123,chennai,not_employed
U144,Kabir,Chatterjee,kabir.chatterjee902@example.com,password123,kolkata,unknown
U632,Harinakshi,Pau,harinakshi.pau904@example.com,password123,lucknow,employed
U608,Maanas,Issac,maanas.issac905@example.com,password123,pune,employed
U849,Yashodhara,Ratti,yashodhara.ratti906@example.com,password123,chennai,employed
U502,Xiti,Baria,xiti.baria907@example.com,password123,lucknow,unknown
U427,Urvi,Venkataraman,urvi.venkataraman910@example.com,password123,ahmedabad,employed
U672,Falak,Nagar,falak.nagar913@example.com,password123,chandigarh,unknown
U592,Nicholas,Ramaswamy,nicholas.ramaswamy914@example.com,password123,new_delhi,student
U679,Imaran,Halder,imaran.halder927@example.com,password123,chennai,employed
U386,Anirudh,Sastry,anirudh.sastry928@example.com,password123,kolkata,not_employed
U306,David,Devi,david.devi933@example.com,password123,new_delhi,employed
U325,Krisha,Murthy,krisha.murthy936@example.com,password123,chennai,not_employed
U574,Oscar,Sharaf,oscar.sharaf937@example.com,password123,chandigarh,employed
U405,Rehaan,Koshy,rehaan.koshy940@example.com,password123,chandigarh,not_employed
U298,Umang,Mishra,umang.mishra942@example.com,password123,rourkela,employed
U453,Vrinda,Nadig,vrinda.nadig944@example.com,password123,jaipur,employed
U207,Anusha,Mani,anusha.mani946@example.com,password123,chandigarh,employed
U141,Megha,Pai,megha.pai948@example.com,password123,bhubaneswar,unknown
U759,Madhav,Mannan,madhav.mannan949@example.com,password123,ahmedabad,student
U249,Brijesh,Mani,brijesh.mani950@example.com,password123,rourkela,employed
U6,Anika,Magar,anika.magar955@example.com,password123,hyderabad,not_employed
U417,Laksh,Chopra,laksh.chopra956@example.com,password123,jaipur,student
U489,Wriddhish,Kibe,wriddhish.kibe957@example.com,password123,jaipur,student
U775,Chandresh,Wali,chandresh.wali958@example.com,password123,kolkata,not_employed
U788,Charles,Chaudhry,charles.chaudhry960@example.com,password123,bhubaneswar,unknown
U807,Nakul,Ray,nakul.ray964@example.com,password123,chennai,not_employed
U664,Bimala,Barad,bimala.barad974@example.com,password123,new_delhi,not_employed
U691,Bhavani,Sha,bhavani.sha977@example.com,password123,lucknow,student
U847,Yamini,Sidhu,yamini.sidhu979@example.com,password123,bangalore,employed
U336,Anjali,Hans,anjali.hans980@example.com,password123,bhubaneswar,not_employed
U310,Parth,Ravi,parth.ravi986@example.com,password123,ahmedabad,unknown
U12,Prisha,Varma,prisha.varma987@example.com,password123,new_delhi,not_employed
U710,Falak,Chadha,falak.chadha988@example.com,password123,new_delhi,student
U315,Qasim,Dey,qasim.dey990@example.com,password123,mumbai,not_employed
U377,Advika,Rajagopal,advika.rajagopal993@example.com,password123,ahmedabad,student
U208,Kiaan,Sridhar,kiaan.sridhar1005@example.com,password123,hyderabad,employed
U154,Michael,Sha,michael.sha1006@example.com,password123,mumbai,not_employed
U875,Kashvi,Sagar,kashvi.sagar1007@example.com,password123,hyderabad,student
U60,Yashasvi,Jain,yashasvi.jain1014@example.com,password123,hyderabad,student
U741,Falak,Venkatesh,falak.venkatesh1016@example.com,password123,rourkela,not_employed
U261,Riya,Dada,riya.dada1017@example.com,password123,chandigarh,student
U75,Gavin,Uppal,gavin.uppal1019@example.com,password123,rourkela,not_employed
U555,Sudiksha,Deo,sudiksha.deo1021@example.com,password123,rourkela,employed
U384,Anthony,Randhawa,anthony.randhawa1025@example.com,password123,missing,not_employed
U385,Tejas,Bora,tejas.bora1027@example.com,password123,bhubaneswar,employed
U403,Darpan,Biswas,darpan.biswas1030@example.com,password123,hyderabad,not_employed
U746,Urmi,Balay,urmi.balay1031@example.com,password123,new_delhi,student
U475,Pranit,Deshmukh,pranit.deshmukh1033@example.com,password123,jaipur,employed
U435,Osha,Prasad,osha.prasad1034@example.com,password123,hyderabad,not_employed
U472,Krishna,Prashad,krishna.prashad1036@example.com,password123,pune,not_employed
U283,Faris,Zacharia,faris.zacharia1037@example.com,password123,new_delhi,employed
U247,Maya,Wadhwa,maya.wadhwa1040@example.com,password123,new_delhi,employed
U104,Joshua,Kapoor,joshua.kapoor1041@example.com,password123,ahmedabad,student
U251,Chanchal,Sheth,chanchal.sheth1043@example.com,password123,lucknow,student
U805,Teerth,Bhalla,teerth.bhalla1057@example.com,password123,hyderabad,not_employed
U714,Logan,Thakur,logan.thakur1058@example.com,password123,bangalore,not_employed
U153,Bimala,Kaur,bimala.kaur1059@example.com,password123,kolkata,not_employed
U571,Darsh,Gill,darsh.gill1065@example.com,password123,hyderabad,not_employed
U398,Prisha,Tandon,prisha.tandon1066@example.com,password123,new_delhi,employed
U478,Rayaan,Behl,rayaan.behl1083@example.com,password123,hyderabad,not_employed
U17,Varenya,Kibe,varenya.kibe1091@example.com,password123,new_delhi,employed
U264,Advika,Parsa,advika.parsa1097@example.com,password123,lucknow,student
U174,Upasna,Nagarajan,upasna.nagarajan1100@example.com,password123,mumbai,employed
U838,Madhav,Babu,madhav.babu1104@example.com,password123,jaipur,student
U783,Advika,Sahni,advika.sahni1105@example.com,password123,rourkela,not_employed
U70,Rohan,Narayan,rohan.narayan1107@example.com,password123,lucknow,not_employed
U18,Logan,Suresh,logan.suresh1114@example.com,password123,hyderabad,employed
U549,Qarin,Bhargava,qarin.bhargava1115@example.com,password123,kolkata,student
U99,Nitara,Devan,nitara.devan1118@example.com,password123,hyderabad,not_employed
U540,Matthew,Andra,matthew.andra1120@example.com,password123,new_delhi,not_employed
U701,Abeer,Wali,abeer.wali1125@example.com,password123,chandigarh,employed
U670,Nisha,Arora,nisha.arora1126@example.com,password123,indore,student
U387,Anvi,Wason,anvi.wason1128@example.com,password123,hyderabad,student
U557,Nidra,Sharaf,nidra.sharaf1138@example.com,password123,hyderabad,student
U148,Azad,Chander,azad.chander1141@example.com,password123,lucknow,not_employed
U855,Daksh,Andra,daksh.andra1144@example.com,password123,indore,not_employed
U31,Divya,Babu,divya.babu1153@example.com,password123,ahmedabad,employed
U234,Mitali,Bose,mitali.bose1155@example.com,password123,pune,employed
U369,Shravya,Swaminathan,shravya.swaminathan1166@example.com,password123,lucknow,employed
U192,Keya,Sankaran,keya.sankaran1168@example.com,password123,bangalore,student
U92,Yatin,Borah,yatin.borah1171@example.com,password123,pune,employed
U743,Hredhaan,Chand,hredhaan.chand1176@example.com,password123,missing,employed
U446,Saumya,Vala,saumya.vala1182@example.com,password123,kolkata,not_employed
U609,Ekta,Rajan,ekta.rajan1186@example.com,password123,ahmedabad,student
U341,Frado,Kibe,frado.kibe1189@example.com,password123,indore,unknown
U140,Amrita,Tailor,amrita.tailor1193@example.com,password123,kolkata,not_employed
U618,Madhav,Bhatnagar,madhav.bhatnagar1194@example.com,password123,jaipur,student
U334,Zayan,Koshy,zayan.koshy1199@example.com,password123,pune,employed
U374,Tanvi,Chhabra,tanvi.chhabra1201@example.com,password123,bhubaneswar,unknown
U185,Abeer,Randhawa,abeer.randhawa1203@example.com,password123,jaipur,employed
U839,Laban,Mital,laban.mital1207@example.com,password123,indore,not_employed
U649,Varenya,Murthy,varenya.murthy1209@example.com,password123,kolkata,student
